product_id,seller_id,name,category_id,thumbnail,category_domain,available_quantity,date_created,updated_at
MLB3647898967,792353538,Bola Nike Phantom,MLB6852,http://http2.mlstatic.com/D_826932-MLU75596805065_042024-I.jpg,MLB-FOOTBALL_BALLS,444,2024-10-08 21:18:50.847047,2024-10-08 21:18:50.847051
MLB4109755010,792353538,Bolsa Nike Academy Team Masculina,MLB432027,http://http2.mlstatic.com/D_982439-MLU73863979203_012024-I.jpg,MLB-TRAVEL_AND_TRAINING_BAGS,479,2024-10-08 21:18:50.957617,2024-10-08 21:18:50.957621
MLB3838668673,792353538,Bolsa Nike Brasilia 9.5 Unissex Cor Preto,MLB432028,http://http2.mlstatic.com/D_931300-MLU73510144864_122023-I.jpg,MLB-TRAVEL_AND_TRAINING_BAGS,1028,2024-10-08 21:18:51.070960,2024-10-08 21:18:51.070965
MLB4997449776,792353538,Bola Nike Pitch Futebol Cor Branco+azul Claro,MLB6852,http://http2.mlstatic.com/D_777153-MLU78388113487_082024-I.jpg,MLB-FOOTBALL_BALLS,49,2024-10-08 21:18:51.185111,2024-10-08 21:18:51.185115
MLB3651219519,792353538,Mochila Nike Hike Unissex,MLB3127,http://http2.mlstatic.com/D_602005-MLU75649308183_042024-I.jpg,MLB-BACKPACKS,30,2024-10-08 21:18:51.298664,2024-10-08 21:18:51.298669
MLB3633583347,792353538,Mochila Nike Heritage Unissex,MLB432027,http://http2.mlstatic.com/D_812452-MLU74390204777_022024-I.jpg,MLB-TRAVEL_AND_TRAINING_BAGS,274,2024-10-08 21:18:51.411945,2024-10-08 21:18:51.411949
MLB4501321378,792353538,Sacola Nike Brasilia 9.5 Unissex,MLB432027,http://http2.mlstatic.com/D_804968-MLU73357797945_122023-I.jpg,MLB-TRAVEL_AND_TRAINING_BAGS,2426,2024-10-08 21:18:51.526720,2024-10-08 21:18:51.526725
MLB3631642731,792353538,Bolsa Transversal Nike Elemental Premium Unissex,MLB432027,http://http2.mlstatic.com/D_821835-MLU74852929426_032024-I.jpg,MLB-TRAVEL_AND_TRAINING_BAGS,1042,2024-10-08 21:18:51.633849,2024-10-08 21:18:51.633854
MLB3641796671,792353538,Bolsa Nike Gym Club Feminina,MLB432027,http://http2.mlstatic.com/D_836784-MLU75300297258_032024-I.jpg,MLB-TRAVEL_AND_TRAINING_BAGS,148,2024-10-08 21:18:51.740050,2024-10-08 21:18:51.740054
MLB3634945663,792353538,Pochete Nike Heritage Unissex,MLB28143,http://http2.mlstatic.com/D_986761-MLU75270756489_032024-I.jpg,MLB-FANNY_PACKS,116,2024-10-08 21:18:51.851155,2024-10-08 21:18:51.851159
MLB3830013183,792353538,Bola Nike Pitch Futebol Cor Branco/azul,MLB6852,http://http2.mlstatic.com/D_983852-MLU78393979114_082024-I.jpg,MLB-FOOTBALL_BALLS,53,2024-10-08 21:18:51.956155,2024-10-08 21:18:51.956159
MLB4739762988,792353538,Bolsa Nike Shoe Bag Unissex,MLB432028,http://http2.mlstatic.com/D_646722-MLU76735910397_052024-I.jpg,MLB-TRAVEL_AND_TRAINING_BAGS,65,2024-10-08 21:18:52.064584,2024-10-08 21:18:52.064590
MLB3647966373,792353538,Pochete Nike Hike Unissex,MLB28143,http://http2.mlstatic.com/D_781541-MLU75595878721_042024-I.jpg,MLB-FANNY_PACKS,91,2024-10-08 21:18:52.180191,2024-10-08 21:18:52.180196
MLB3693691173,792353538,Mochila Nike Heritage Unissex,MLB3127,http://http2.mlstatic.com/D_680116-MLU76093259036_052024-I.jpg,MLB-BACKPACKS,107,2024-10-08 21:18:52.290149,2024-10-08 21:18:52.290154
MLB3516880139,792353538,Bola Nike Brasil Academy Cor Amarelo,MLB6852,http://http2.mlstatic.com/D_739597-MLU72721291959_112023-I.jpg,MLB-FOOTBALL_BALLS,109,2024-10-08 21:18:52.397821,2024-10-08 21:18:52.397826
MLB3642514573,792353538,Bolsa Nike Gym Tote Feminina,MLB432027,http://http2.mlstatic.com/D_761513-MLU75481655081_032024-I.jpg,MLB-TRAVEL_AND_TRAINING_BAGS,55,2024-10-08 21:18:52.513101,2024-10-08 21:18:52.513107
MLB3655090665,792353538,Mochila Nike Hike Unissex,MLB432027,http://http2.mlstatic.com/D_868385-MLU75572960952_042024-I.jpg,MLB-TRAVEL_AND_TRAINING_BAGS,101,2024-10-08 21:18:52.632466,2024-10-08 21:18:52.632471
MLB3583325335,792353538,Bolsa Nike Sportswear Infantil,MLB432027,http://http2.mlstatic.com/D_623866-MLU74281700133_012024-I.jpg,MLB-TRAVEL_AND_TRAINING_BAGS,102,2024-10-08 21:18:52.756621,2024-10-08 21:18:52.756626
MLB3617917065,792353538,Sacola Nike Heritage Drawstring Unissex,MLB432027,http://http2.mlstatic.com/D_614938-MLU72850032864_112023-I.jpg,MLB-TRAVEL_AND_TRAINING_BAGS,1168,2024-10-08 21:18:52.863751,2024-10-08 21:18:52.863755
MLB3707965801,792353538,Mochila Nike Brasilia Infantil,MLB3127,http://http2.mlstatic.com/D_687289-MLU76521478769_052024-I.jpg,MLB-BACKPACKS,560,2024-10-08 21:18:52.969158,2024-10-08 21:18:52.969162
MLB3655052143,792353538,Bolsa Nike Heritage Unissex,MLB432027,http://http2.mlstatic.com/D_921700-MLU75734556509_042024-I.jpg,MLB-TRAVEL_AND_TRAINING_BAGS,5,2024-10-08 21:18:53.087650,2024-10-08 21:18:53.087656
MLB3837946941,792353538,Sacola Nike Brasilia 9.5 Unissex,MLB432027,http://http2.mlstatic.com/D_726171-MLU69554725782_052023-I.jpg,MLB-TRAVEL_AND_TRAINING_BAGS,333,2024-10-08 21:18:53.202889,2024-10-08 21:18:53.202894
MLB4739708926,792353538,Pochete Nike Heritage Unissex,MLB28143,http://http2.mlstatic.com/D_886486-MLU76734332321_052024-I.jpg,MLB-FANNY_PACKS,120,2024-10-08 21:18:53.308045,2024-10-08 21:18:53.308049
MLB5066270194,792353538,Mochila Nike Brasilia Mini Jdi Infantil,MLB3127,http://http2.mlstatic.com/D_743027-MLU78975033064_092024-I.jpg,MLB-BACKPACKS,15,2024-10-08 21:18:53.421955,2024-10-08 21:18:53.421960
MLB3696633943,792353538,Pochete Nike Heritage Unissex,MLB28143,http://http2.mlstatic.com/D_997104-MLU76399894399_052024-I.jpg,MLB-FANNY_PACKS,173,2024-10-08 21:18:53.537078,2024-10-08 21:18:53.537084
MLB4579528416,792353538,Bolsa Transversal Nike Heritage Unissex,MLB432027,http://http2.mlstatic.com/D_876552-MLU75561604265_042024-I.jpg,MLB-TRAVEL_AND_TRAINING_BAGS,100,2024-10-08 21:18:53.646360,2024-10-08 21:18:53.646364
MLB4440917390,792353538,Mochila Nike Sportswear Futura 365 Feminina,MLB432027,http://http2.mlstatic.com/D_788467-MLU74465420395_022024-I.jpg,MLB-TRAVEL_AND_TRAINING_BAGS,1,2024-10-08 21:18:53.759002,2024-10-08 21:18:53.759006
MLB3588882471,792353538,Mochila Nike Brasilia Mini Jdi Infantil,MLB432027,http://http2.mlstatic.com/D_839947-MLU74389063919_022024-I.jpg,MLB-TRAVEL_AND_TRAINING_BAGS,217,2024-10-08 21:18:53.869834,2024-10-08 21:18:53.869839
MLB3244592249,792353538,Tênis Nike Revolution 6 Next Nature Color Preto/cinza-ferro/branco - Adulto 37 Br,MLB3900,http://http2.mlstatic.com/D_837815-MLA49714183893_042022-I.jpg,MLB-SNEAKERS,331,2024-10-08 21:18:53.989511,2024-10-08 21:18:53.989518
MLB4950040050,792353538,Bola Nike Academy Team Futebol Cor Branco,MLB6852,http://http2.mlstatic.com/D_669116-MLU78003686147_072024-I.jpg,MLB-FOOTBALL_BALLS,35,2024-10-08 21:18:54.104264,2024-10-08 21:18:54.104269
MLB3809318437,792353538,Bola Nike Pitch Train Futebol Cor Branco,MLB6852,http://http2.mlstatic.com/D_897040-MLU78273751131_082024-I.jpg,MLB-FOOTBALL_BALLS,64,2024-10-08 21:18:54.215584,2024-10-08 21:18:54.215589
MLB3706864915,792353538,Sacola Nike Brasilia Unissex,MLB432028,http://http2.mlstatic.com/D_847398-MLU76383394168_052024-I.jpg,MLB-TRAVEL_AND_TRAINING_BAGS,436,2024-10-08 21:18:54.325453,2024-10-08 21:18:54.325457
MLB3852470715,792353538,Mochila Nike Brasilia Unissex,MLB3127,http://http2.mlstatic.com/D_804938-MLU78980210156_092024-I.jpg,MLB-BACKPACKS,138,2024-10-08 21:18:54.435391,2024-10-08 21:18:54.435396
MLB3711208457,792353538,Bolsa Nike Air Max Unissex,MLB432028,http://http2.mlstatic.com/D_837918-MLU76634440905_052024-I.jpg,MLB-TRAVEL_AND_TRAINING_BAGS,637,2024-10-08 21:18:54.540563,2024-10-08 21:18:54.540569
MLB4825382982,792353538,Pochete Nike Heritage Unissex,MLB28143,http://http2.mlstatic.com/D_673806-MLU77204178161_062024-I.jpg,MLB-FANNY_PACKS,237,2024-10-08 21:18:54.654492,2024-10-08 21:18:54.654498
MLB3665726153,792353538,Mochila Nike Hike Unissex,MLB432027,http://http2.mlstatic.com/D_800512-MLU75752362554_042024-I.jpg,MLB-TRAVEL_AND_TRAINING_BAGS,127,2024-10-08 21:18:54.762102,2024-10-08 21:18:54.762107
MLB3537474809,792353538,Sacola Nike Infantil,MLB432027,http://http2.mlstatic.com/D_741662-MLU73346493421_122023-I.jpg,MLB-TRAVEL_AND_TRAINING_BAGS,146,2024-10-08 21:18:54.873843,2024-10-08 21:18:54.873848
MLB3255837191,792353538,Tênis Nike Court Vision Low Next Nature Color Branco - Adulto 41 Br,MLB3900,http://http2.mlstatic.com/D_958988-MLA49762955414_042022-I.jpg,MLB-SNEAKERS,502,2024-10-08 21:18:54.986901,2024-10-08 21:18:54.986907
MLB4970386182,792353538,Bola Nike Pitch Futebol Cor Branco,MLB6852,http://http2.mlstatic.com/D_818828-MLU78161497671_082024-I.jpg,MLB-FOOTBALL_BALLS,45,2024-10-08 21:18:55.104104,2024-10-08 21:18:55.104110
MLB4579498350,792353538,Pochete Nike Heritage Unissex,MLB28143,http://http2.mlstatic.com/D_974299-MLU75796913341_042024-I.jpg,MLB-FANNY_PACKS,106,2024-10-08 21:18:55.215578,2024-10-08 21:18:55.215584
MLB3670451433,792353538,Mochila Nike Brasilia Unissex,MLB432027,http://http2.mlstatic.com/D_836391-MLU75323367093_032024-I.jpg,MLB-TRAVEL_AND_TRAINING_BAGS,478,2024-10-08 21:18:55.324694,2024-10-08 21:18:55.324699
MLB3646793697,792353538,Mochila Nike Air Unissex,MLB432027,http://http2.mlstatic.com/D_712134-MLU75561581319_042024-I.jpg,MLB-TRAVEL_AND_TRAINING_BAGS,196,2024-10-08 21:18:55.434885,2024-10-08 21:18:55.434891
MLB4849888678,792353538,Mochila Nike Brasilia Unissex,MLB3127,http://http2.mlstatic.com/D_943247-MLU77070239274_062024-I.jpg,MLB-BACKPACKS,222,2024-10-08 21:18:55.548345,2024-10-08 21:18:55.548351
MLB3664999045,792353538,Mochila Nike Elemental Infantil,MLB3127,http://http2.mlstatic.com/D_773176-MLU75703592608_042024-I.jpg,MLB-BACKPACKS,867,2024-10-08 21:18:55.661510,2024-10-08 21:18:55.661518
MLB3828449965,792353538,Mochila Nike Sportswear Futura 365 Feminina,MLB3127,http://http2.mlstatic.com/D_736578-MLU78458236308_082024-I.jpg,MLB-BACKPACKS,162,2024-10-08 21:18:55.772150,2024-10-08 21:18:55.772156
MLB3665724933,792353538,Sacola Nike Infantil,MLB432027,http://http2.mlstatic.com/D_804063-MLU75919837247_042024-I.jpg,MLB-TRAVEL_AND_TRAINING_BAGS,9,2024-10-08 21:18:55.888281,2024-10-08 21:18:55.888288
MLB5031966942,792353538,Mochila Nike Hike Unissex,MLB3127,http://http2.mlstatic.com/D_832369-MLU78564983826_082024-I.jpg,MLB-BACKPACKS,176,2024-10-08 21:18:55.999283,2024-10-08 21:18:55.999289
MLB4675745706,792353538,Mochila Nike Air Unissex,MLB3127,http://http2.mlstatic.com/D_725572-MLU76131042296_052024-I.jpg,MLB-BACKPACKS,212,2024-10-08 21:18:56.116400,2024-10-08 21:18:56.116406
MLB3715420557,792353538,Mochila Nike Brasilia Unissex,MLB3127,http://http2.mlstatic.com/D_862624-MLU76388479824_052024-I.jpg,MLB-BACKPACKS,399,2024-10-08 21:18:56.230399,2024-10-08 21:18:56.230404
MLB3907302578,451403353,Tênis Lap 24/7 Masculino Olympikus,MLB23332,http://http2.mlstatic.com/D_903612-MLU79030733149_092024-I.jpg,MLB-SNEAKERS,1576,2024-10-08 21:18:56.337764,2024-10-08 21:18:56.337770
MLB3423558269,451403353,Mala De Viagem Rígida Média 360 4 Life 4 Sestini Cor Preto Lisa,MLB3128,http://http2.mlstatic.com/D_925268-MLU72675277730_112023-I.jpg,MLB-SUITCASES,1959,2024-10-08 21:18:56.476363,2024-10-08 21:18:56.476370
MLB3492342931,451403353,Tênis Only 2 Masculino Olympikus,MLB23332,http://http2.mlstatic.com/D_711318-MLU78968921635_092024-I.jpg,MLB-SNEAKERS,1082,2024-10-08 21:18:56.635641,2024-10-08 21:18:56.635647
MLB3546093173,451403353,Tênis Casual Masculino E Feminino Eros Olympikus,MLB23332,http://http2.mlstatic.com/D_920645-MLU78961180630_092024-I.jpg,MLB-SNEAKERS,194,2024-10-08 21:18:56.750383,2024-10-08 21:18:56.750389
MLB3632697227,451403353,Bola Futsal Penalty Rx 500 Xxiii Cor Azul,MLB6852,http://http2.mlstatic.com/D_722195-MLU77108763060_062024-I.jpg,MLB-FOOTBALL_BALLS,4972,2024-10-08 21:18:56.862542,2024-10-08 21:18:56.862547
MLB3451989961,451403353,Tênis Olympikus Treino Dynamic Cor Azul - Adulto 42 Br,MLB23332,http://http2.mlstatic.com/D_871594-MLA77170809291_062024-I.jpg,MLB-SNEAKERS,1542,2024-10-08 21:18:56.970498,2024-10-08 21:18:56.970503
MLB3751547063,451403353,Óculos De Natação Speedo Classic Starters Cor Preto,MLB18362,http://http2.mlstatic.com/D_886363-MLU74055635906_012024-I.jpg,MLB-SWIMMING_GOGGLES,681,2024-10-08 21:18:57.076024,2024-10-08 21:18:57.076029
MLB3473624459,451403353,Tênis Esportivo Feminino Ultraleve 130g Olympikus,MLB23332,http://http2.mlstatic.com/D_701904-MLU79196889445_092024-I.jpg,MLB-SNEAKERS,738,2024-10-08 21:18:57.185083,2024-10-08 21:18:57.185088
MLB3497005067,451403353,Bola De Futsal Rx 500 Xxiii Penalty,MLB6852,http://http2.mlstatic.com/D_750391-MLA72526096144_102023-I.jpg,MLB-FOOTBALL_BALLS,12918,2024-10-08 21:18:57.296177,2024-10-08 21:18:57.296182
MLB4128367346,451403353,Penalty Bola De Futebol Society 8 X Preto,MLB6852,http://http2.mlstatic.com/D_818310-MLU76366734942_052024-I.jpg,MLB-FOOTBALL_BALLS,9906,2024-10-08 21:18:57.407644,2024-10-08 21:18:57.407648
MLB3793289474,451403353,Bola De Vôlei Mg 3600 Xxi Penalty,MLB1334,http://http2.mlstatic.com/D_970672-MLU72275326838_102023-I.jpg,MLB-VOLLEYBALL_BALLS,7652,2024-10-08 21:18:57.521432,2024-10-08 21:18:57.521437
MLB4647776624,451403353,Protetor Bucal Preto Vollo,MLB67513,http://http2.mlstatic.com/D_972139-MLU75436783932_042024-I.jpg,MLB-MOUTH_GUARDS,959,2024-10-08 21:18:57.631001,2024-10-08 21:18:57.631006
MLB3629290339,451403353,Bandagem Elástica Treino Boxe/muay Thai Luta Vollo Cor Preto,MLB67522,http://http2.mlstatic.com/D_813907-MLU70847058427_082023-I.jpg,MLB-MARTIAL_ARTS_AND_BOXING_EQUIPMENT,1095,2024-10-08 21:18:57.743163,2024-10-08 21:18:57.743167
MLB3751547043,451403353,Touca Natação Speedo Flat Cap Prata Tamanho Único,MLB18366,http://http2.mlstatic.com/D_818506-MLU72566239022_112023-I.jpg,MLB-SWIM_CAPS,278,2024-10-08 21:18:57.855622,2024-10-08 21:18:57.855628
MLB3712044808,451403353,Nautika Barraca De Camping Panda Iglu Para 2 Pessoas Com Coluna D'água De 600mm Impermeável Cor Azul,MLB3894,http://http2.mlstatic.com/D_926264-MLU75983792579_042024-I.jpg,MLB-TENTS,1553,2024-10-08 21:18:57.978684,2024-10-08 21:18:57.978689
MLB3413852067,451403353,Bola De Futsal  Rx 500 Xxiii Penalty,MLB6852,http://http2.mlstatic.com/D_814285-MLA79556560882_102024-I.jpg,MLB-FOOTBALL_BALLS,8385,2024-10-08 21:18:58.081915,2024-10-08 21:18:58.081919
MLB3751586087,451403353,Nose Clip Speedo - Protetor De Nariz Para Natação,MLB202310,http://http2.mlstatic.com/D_811277-MLU74993272908_032024-I.jpg,MLB-SWIMMING_NOSE_CLIPS,164,2024-10-08 21:18:58.190542,2024-10-08 21:18:58.190547
MLB4395582148,451403353, Penalty  Society Lider Xxiv Verde 5,MLB6852,http://http2.mlstatic.com/D_609551-MLU78177695411_082024-I.jpg,MLB-FOOTBALL_BALLS,4386,2024-10-08 21:18:58.293137,2024-10-08 21:18:58.293141
MLB4395582144,451403353,Penalty  Society Lider Xxiv Amarelo Azul Preto 66,MLB6852,http://http2.mlstatic.com/D_965757-MLU75808734676_042024-I.jpg,MLB-FOOTBALL_BALLS,2860,2024-10-08 21:18:58.409773,2024-10-08 21:18:58.409777
MLB4395333378,451403353,Bola Para Futebol De Campo Bravo Xxiv Branco E Laranja Penalty,MLB6852,http://http2.mlstatic.com/D_764251-MLU75813169222_042024-I.jpg,MLB-FOOTBALL_BALLS,3433,2024-10-08 21:18:58.522289,2024-10-08 21:18:58.522294
MLB4530431166,451403353,Bola Suíça Vollo Para Pilates E Yoga Gym Ball 75cm Com Bomba Suporta Até 300kg Anti Estouro Superfície Antiderrapante Ginástica Fitness Fortalecimento Cinza,MLB123037,http://http2.mlstatic.com/D_911495-MLU78056189097_072024-I.jpg,MLB-PILATES_BALLS,630,2024-10-08 21:18:58.636929,2024-10-08 21:18:58.636934
MLB3577615403,451403353,Bola Para Futebol De Campo Bravo Xxiv Branco E Azul Penalty,MLB6852,http://http2.mlstatic.com/D_705417-MLU74842222144_032024-I.jpg,MLB-FOOTBALL_BALLS,2650,2024-10-08 21:18:58.747880,2024-10-08 21:18:58.747883
MLB4395616608,451403353, Penalty Society Lider Xxiv  Branco Laranja  Azul 5,MLB6852,http://http2.mlstatic.com/D_903645-MLU74833063908_032024-I.jpg,MLB-FOOTBALL_BALLS,3068,2024-10-08 21:18:58.851556,2024-10-08 21:18:58.851561
MLB4362202760,451403353,Joelheira Penalty Indoor Tamanho P Cor Preto,MLB180304,http://http2.mlstatic.com/D_866976-MLU75983730337_042024-I.jpg,MLB-TACTICAL_AND_SPORTS_KNEE_PADS,1028,2024-10-08 21:18:58.963242,2024-10-08 21:18:58.963247
MLB3756986303,451403353,Fita De Suspensão Fts-400 Muvin,MLB198289,http://http2.mlstatic.com/D_633597-MLA75635031920_042024-I.jpg,MLB-SUSPENSION_TRAINERS,180,2024-10-08 21:18:59.074314,2024-10-08 21:18:59.074319
MLB4538236434,451403353,Bola E Vôlei Vp 5000m Mirim Amarelo E Azul Penalty,MLB1334,http://http2.mlstatic.com/D_811055-MLU72627739400_112023-I.jpg,MLB-VOLLEYBALL_BALLS,751,2024-10-08 21:18:59.190346,2024-10-08 21:18:59.190351
MLB5045665130,451403353,Bolas Ping Pong Tenis De Mesa 2 Estrelas Vollo 6 Bolinhas Cor Branco,MLB270330,http://http2.mlstatic.com/D_890673-MLU70607634820_072023-I.jpg,MLB-TABLE_TENNIS_BALLS,119,2024-10-08 21:18:59.305486,2024-10-08 21:18:59.305490
MLB4278019554,451403353,Bola Vôlei De Praia X X I Penalty,MLB1334,http://http2.mlstatic.com/D_628259-MLU73267256961_122023-I.jpg,MLB-VOLLEYBALL_BALLS,1134,2024-10-08 21:18:59.413020,2024-10-08 21:18:59.413024
MLB3632687889,451403353,Bola De Futsal Max Dt Xxiii Tamanho 500 Penalty,MLB6852,http://http2.mlstatic.com/D_736492-MLU76545796091_052024-I.jpg,MLB-FOOTBALL_BALLS,840,2024-10-08 21:18:59.530066,2024-10-08 21:18:59.530070
MLB3654341197,451403353,Bola De Iniciação Borracha Esportiva T8 Numero 8 Vollo Cor Amarelo,MLB422165,http://http2.mlstatic.com/D_986382-MLU74980018427_032024-I.jpg,MLB-HANDBALL_BALLS,703,2024-10-08 21:18:59.640809,2024-10-08 21:18:59.640814
MLB4411213542,451403353,Joelheira Penalty Indoor M Unisex Preto,MLB180304,http://http2.mlstatic.com/D_866976-MLU75983730337_042024-I.jpg,MLB-TACTICAL_AND_SPORTS_KNEE_PADS,1580,2024-10-08 21:18:59.746766,2024-10-08 21:18:59.746770
MLB3429079679,451403353,Bola Basquete Playoff Mirim I X Penalty Laranja 5,MLB9910,http://http2.mlstatic.com/D_825108-MLU72675211112_112023-I.jpg,MLB-BASKETBALL_BALLS,958,2024-10-08 21:18:59.855495,2024-10-08 21:18:59.855500
MLB5045677464,451403353,Raquete Tênis De Mesa Force 1000 Vollo,MLB437658,http://http2.mlstatic.com/D_830817-MLU74826720797_022024-I.jpg,MLB-TABLE_TENNIS_RACKETS,58,2024-10-08 21:18:59.968685,2024-10-08 21:18:59.968690
MLB4657803788,451403353,Resisntece Band Médio T268 Acte Sports,MLB123100,http://http2.mlstatic.com/D_695036-MLU78869403191_092024-I.jpg,MLB-RESISTANCE_BANDS,50,2024-10-08 21:19:00.080067,2024-10-08 21:19:00.080072
MLB3751497267,451403353,Protetor Ouvido Speedo Moldável Ruidos Tampao Cor Transparente Hb004655401,MLB202309,http://http2.mlstatic.com/D_616950-MLU72604613141_102023-I.jpg,MLB-SWIMMING_EARPLUGS,169,2024-10-08 21:19:00.190616,2024-10-08 21:19:00.190621
MLB3654392497,451403353,Kit 3 Bolas De Beach Tennis Tenis Praia Resistente Vollo,MLB10532,http://http2.mlstatic.com/D_976588-MLU76966429011_062024-I.jpg,MLB-TENNIS_BALLS,80,2024-10-08 21:19:00.302559,2024-10-08 21:19:00.302564
MLB3751509077,451403353,Protetor De Ouvido Soft Earplug 2.0 Speedo Para Natação Azul,MLB202309,http://http2.mlstatic.com/D_616701-MLU76934925245_062024-I.jpg,MLB-SWIMMING_EARPLUGS,72,2024-10-08 21:19:00.424454,2024-10-08 21:19:00.424459
MLB4657755578,451403353,Corda De Pular T2-c Com Contador De Giros Cinza Acte Sports,MLB123030,http://http2.mlstatic.com/D_931720-MLA79440878262_102024-I.jpg,MLB-JUMP_ROPES,150,2024-10-08 21:19:00.534003,2024-10-08 21:19:00.534008
MLB3757051259,451403353,Kit Faixa Elástica Fxe-100 3 Peças Amarelo Vermelho E Azul Muvin,MLB123100,http://http2.mlstatic.com/D_868392-MLU75210521102_032024-I.jpg,MLB-RESISTANCE_BANDS,18,2024-10-08 21:19:00.642911,2024-10-08 21:19:00.642915
MLB4647763708,451403353,Cronômetro Digital De Mão Profissional Vl-1809 Com Alarme E Soneca Vollo,MLB123107,http://http2.mlstatic.com/D_908084-MLU72637657235_112023-I.jpg,MLB-TIMERS,415,2024-10-08 21:19:00.763011,2024-10-08 21:19:00.763016
MLB3695850641,451403353,Disco De Equilíbrio T6 Acte,MLB123031,http://http2.mlstatic.com/D_672690-MLU72675536350_112023-I.jpg,MLB-BALANCE_DISCS_AND_HALF_BALLS,32,2024-10-08 21:19:00.873071,2024-10-08 21:19:00.873075
MLB4657681248,451403353,Kit Faixas Em Látex Band 3 Intensidades -leve Médio Difícil,MLB123100,http://http2.mlstatic.com/D_808012-MLU75292626104_032024-I.jpg,MLB-RESISTANCE_BANDS,429,2024-10-08 21:19:00.981803,2024-10-08 21:19:00.981808
MLB3632697233,451403353,Bola De Futebol Society Penalty Profissional S11 R2 Xxiv Cor Branco/vermelho/preto,MLB6852,http://http2.mlstatic.com/D_974033-MLU73721263608_012024-I.jpg,MLB-FOOTBALL_BALLS,2026,2024-10-08 21:19:01.088401,2024-10-08 21:19:01.088406
MLB4530292426,451403353,Bandagem Elastica Vfg 5 Metros 1 Par Preta,MLB67522,http://http2.mlstatic.com/D_605580-MLU75925972299_042024-I.jpg,MLB-MARTIAL_ARTS_AND_BOXING_EQUIPMENT,664,2024-10-08 21:19:01.192461,2024-10-08 21:19:01.192465
MLB4448980920,451403353,Bola Futebol De Campo S11 R2 Xxiv Penalty Cor Branco/vermelho/preto,MLB6852,http://http2.mlstatic.com/D_653774-MLU75983614411_042024-I.jpg,MLB-FOOTBALL_BALLS,1861,2024-10-08 21:19:01.300428,2024-10-08 21:19:01.300433
MLB3654366455,451403353,"Saco De Dormir Nautika Liberty 4ºc A 10ºc Largo 2,10m Nf-e Cor Preto E Azul",MLB9877,http://http2.mlstatic.com/D_616720-MLU74431377588_022024-I.jpg,MLB-SLEEPING_BAGS,171,2024-10-08 21:19:01.416195,2024-10-08 21:19:01.416218
MLB3751598887,451403353,Touca De Natação Infantil Speedo Junior Swim Cap Cor Preto,MLB18366,http://http2.mlstatic.com/D_886825-MLU79206423361_092024-I.jpg,MLB-SWIM_CAPS,79,2024-10-08 21:19:01.527933,2024-10-08 21:19:01.527938
MLB3629305383,451403353,Anel Pilates 38cm Tonificador Vollo,MLB1341,http://http2.mlstatic.com/D_792204-MLU72748175718_112023-I.jpg,MLB-AEROBICS_AND_FITNESS_EQUIPMENT,147,2024-10-08 21:19:01.634019,2024-10-08 21:19:01.634025
MLB4657730568,451403353,Corda De Pular Pro Rosa,MLB123030,http://http2.mlstatic.com/D_637442-MLU72564022967_102023-I.jpg,MLB-JUMP_ROPES,116,2024-10-08 21:19:01.741561,2024-10-08 21:19:01.741567
MLB4334057582,18229478,Bola Futebol De Campo S11 R2 Xxiv Penalty Cor Branco/vermelho/preto,MLB6852,http://http2.mlstatic.com/D_653774-MLU75983614411_042024-I.jpg,MLB-FOOTBALL_BALLS,40,2024-10-08 21:19:01.851928,2024-10-08 21:19:01.851932
MLB4595336782,18229478,Carteira Puma Bmw Preta Cor Preto Desenho Do Tecido,MLB28108,http://http2.mlstatic.com/D_963864-MLA79413482812_092024-I.jpg,MLB-WALLETS_AND_COIN_PURSES,113,2024-10-08 21:19:01.966667,2024-10-08 21:19:01.966671
MLB3885174770,18229478,Bola De Vôlei Mikasa V390w Amarela E Azul,MLB1334,http://http2.mlstatic.com/D_838034-MLU70852208358_082023-I.jpg,MLB-VOLLEYBALL_BALLS,11,2024-10-08 21:19:02.079055,2024-10-08 21:19:02.079060
MLB3825044703,18229478,Óculos De Sol Hang Loose Laranja Armação Cinza Haste Cinza Lente Cinza Desenho,MLB8378,http://http2.mlstatic.com/D_830693-MLU78390704036_082024-I.jpg,MLB-SUNGLASSES,7,2024-10-08 21:19:02.186313,2024-10-08 21:19:02.186318
MLB3933695922,18229478,Touca De Natação Infantil Speedo Xtrafit Cap 3-6 Anos Cor Preto,MLB18366,http://http2.mlstatic.com/D_879954-MLU70799215544_082023-I.jpg,MLB-SWIM_CAPS,25,2024-10-08 21:19:02.295048,2024-10-08 21:19:02.295053
MLB4802538370,18229478,Mala Preta Unissex Puma Casual Phase Da Martí,MLB7022,http://http2.mlstatic.com/D_984068-MLU72924263853_112023-I.jpg,MLB-HANDBAGS,277,2024-10-08 21:19:02.403117,2024-10-08 21:19:02.403122
MLB3556296781,18229478,Bola De Futsal S11 R2 Xxiv Penalty,MLB6852,http://http2.mlstatic.com/D_890965-MLU75981514729_042024-I.jpg,MLB-FOOTBALL_BALLS,24,2024-10-08 21:19:02.514519,2024-10-08 21:19:02.514524
MLB4802562970,18229478,Bola Futsal Umbro Sala Pro - Profissional Cor Branca Azl Syel,MLB6852,http://http2.mlstatic.com/D_732929-MLU73803804310_012024-I.jpg,MLB-FOOTBALL_BALLS,4,2024-10-08 21:19:02.626503,2024-10-08 21:19:02.626508
MLB3427713397,18229478,Joelheira Masculina E Feminina Indoor M Branca Penalty,MLB270862,http://http2.mlstatic.com/D_699538-MLU75809685280_042024-I.jpg,MLB-TACTICAL_AND_SPORTS_KNEE_PADS,46,2024-10-08 21:19:02.741106,2024-10-08 21:19:02.741110
MLB3419153165,18229478,Joelheira Pro Indoor Poker Cor Preto Tamanho M,MLB180304,http://http2.mlstatic.com/D_633915-MLU73421013151_122023-I.jpg,MLB-TACTICAL_AND_SPORTS_KNEE_PADS,25,2024-10-08 21:19:02.851678,2024-10-08 21:19:02.851683
MLB3924880080,18229478,Joelheira Pro Indoor Poker Cor Preto Tamanho P,MLB180304,http://http2.mlstatic.com/D_678007-MLU74126758718_012024-I.jpg,MLB-TACTICAL_AND_SPORTS_KNEE_PADS,28,2024-10-08 21:19:02.960243,2024-10-08 21:19:02.960247
MLB4334057580,18229478,Bola De Futsal S11 R2 Xxiv Penalty,MLB6852,http://http2.mlstatic.com/D_867553-MLU73605229760_122023-I.jpg,MLB-FOOTBALL_BALLS,23,2024-10-08 21:19:03.070370,2024-10-08 21:19:03.070375
MLB3556299119,18229478,Mochila Adulto Puma Team Goal Gym Sack Preta - 076853 Cor Preto-branco Desenho Do Tecido N/a,MLB432028,http://http2.mlstatic.com/D_869032-MLB52025010057_102022-I.jpg,MLB-TRAVEL_AND_TRAINING_BAGS,395,2024-10-08 21:19:03.193350,2024-10-08 21:19:03.193355
MLB3556287407,18229478,Bola Society S11 Ecoknit Xxiv Penalty,MLB6852,http://http2.mlstatic.com/D_777120-MLU73478981682_122023-I.jpg,MLB-FOOTBALL_BALLS,64,2024-10-08 21:19:03.307437,2024-10-08 21:19:03.307441
MLB3749541903,18229478,Óculos Solar Oakley Flak 2.0 Oo9188-7359 Preto Esportivo Cor Da Lente Prizm Black,MLB8378,http://http2.mlstatic.com/D_763452-MLU77109836742_062024-I.jpg,MLB-SUNGLASSES,2,2024-10-08 21:19:03.427905,2024-10-08 21:19:03.427911
MLB3848897905,18229478,Bola Para Futebol De Campo Borussia Dortmund Fan Preto/amarelo Tamanho 5 Puma,MLB6852,http://http2.mlstatic.com/D_925728-MLU74365791678_022024-I.jpg,MLB-FOOTBALL_BALLS,3,2024-10-08 21:19:03.537811,2024-10-08 21:19:03.537816
MLB4879802158,18229478,Óculos De Sol Mormaii San Francisco Preto Brilho Lente Cinza,MLB8378,http://http2.mlstatic.com/D_972766-MLU77142640140_062024-I.jpg,MLB-SUNGLASSES,11,2024-10-08 21:19:03.642232,2024-10-08 21:19:03.642237
MLB3747254728,18229478,Bola Umbro Neo Turf Society Branca,MLB6852,http://http2.mlstatic.com/D_953340-MLU54963274830_042023-I.jpg,MLB-FOOTBALL_BALLS,6,2024-10-08 21:19:03.745440,2024-10-08 21:19:03.745445
MLB3793357471,18229478,Óculos De Sol Sylas Standard Oakley,MLB8378,http://http2.mlstatic.com/D_652939-MLU77109991048_062024-I.jpg,MLB-SUNGLASSES,14,2024-10-08 21:19:03.857318,2024-10-08 21:19:03.857323
MLB3411767463,18229478,Bola Umbro Neo League Campo Branca E Amarela Cor Branco,MLB6852,http://http2.mlstatic.com/D_867234-MLU71081356689_082023-I.jpg,MLB-FOOTBALL_BALLS,37,2024-10-08 21:19:03.966424,2024-10-08 21:19:03.966429
MLB3782475241,18229478,"Mochila Preta Puma Bmw M Motorsport, Somente Preta, Esportiva",MLB3127,http://http2.mlstatic.com/D_993361-MLU77205400976_072024-I.jpg,MLB-BACKPACKS,3,2024-10-08 21:19:04.073759,2024-10-08 21:19:04.073763
MLB3817003965,18229478,Kit Queijo São Paulo,MLB277728,http://http2.mlstatic.com/D_648984-MLU78857972670_092024-I.jpg,MLB-KITCHEN_CHEESE_SLICERS,2,2024-10-08 21:19:04.188616,2024-10-08 21:19:04.188621
MLB3789127083,18229478,Mochila Badge Of Sport Infantil adidas Cor Preto Desenho Do Tecido Liso,MLB3127,http://http2.mlstatic.com/D_716886-MLA79797004957_102024-I.jpg,MLB-BACKPACKS,18,2024-10-08 21:19:04.304394,2024-10-08 21:19:04.304398
MLB3556296783,18229478,Puma Bola De Futebol De Campo Prestige Ball Branco/preto 5,MLB6852,http://http2.mlstatic.com/D_633828-MLU72491360984_102023-I.jpg,MLB-FOOTBALL_BALLS,7,2024-10-08 21:19:04.408807,2024-10-08 21:19:04.408812
MLB4879840892,18229478,Óculos De Sol Mormaii Thunder 2 Cinza Escuro,MLB8378,http://http2.mlstatic.com/D_988385-MLU77338921279_062024-I.jpg,MLB-SUNGLASSES,6,2024-10-08 21:19:04.514588,2024-10-08 21:19:04.514593
MLB3955864400,18229478,Joelheira Masculina E Feminina Indoor G Branca Penalty,MLB270862,http://http2.mlstatic.com/D_699538-MLU75809685280_042024-I.jpg,MLB-TACTICAL_AND_SPORTS_KNEE_PADS,58,2024-10-08 21:19:04.621350,2024-10-08 21:19:04.621355
MLB3793459335,18229478,"Mala Vermelha Unissex adidas Futbol Tiro League De 40,75 L",MLB432028,http://http2.mlstatic.com/D_993490-MLU74465483699_022024-I.jpg,MLB-TRAVEL_AND_TRAINING_BAGS,4,2024-10-08 21:19:04.726807,2024-10-08 21:19:04.726811
MLB4882759410,18229478,Mochila Para Meninas adidas Lk Dino Aop Iw1116 Color Bliss Lilac Com Design De Tecido Liso,MLB3127,http://http2.mlstatic.com/D_761095-MLU78885313740_092024-I.jpg,MLB-BACKPACKS,9,2024-10-08 21:19:04.842423,2024-10-08 21:19:04.842427
MLB3825273249,18229478,Óculos De Sol Hang Loose Silicon Armação Cinza Haste Cinza Lente Cinza Desenho,MLB8378,http://http2.mlstatic.com/D_795488-MLU78625027429_082024-I.jpg,MLB-SUNGLASSES,6,2024-10-08 21:19:04.955603,2024-10-08 21:19:04.955607
MLB3848860371,18229478, Bola Futebol Campo Oficial Uhlsport Campeonato Brasileiro,MLB6852,http://http2.mlstatic.com/D_797389-MLU75333516619_032024-I.jpg,MLB-FOOTBALL_BALLS,11,2024-10-08 21:19:05.066932,2024-10-08 21:19:05.066937
MLB5056553292,18229478,Apito Fox 40 Pearl Dedal 90 Decibéis Cor Preto Profissional,MLB180306,http://http2.mlstatic.com/D_909911-MLU70610273540_072023-I.jpg,MLB-SPORT_AND_SECURITY_WHISTLES,8,2024-10-08 21:19:05.176073,2024-10-08 21:19:05.176078
MLB3580769097,18229478,Touca De Natação Fila Swimming Azul Marinho Tamanho Unico,MLB18366,http://http2.mlstatic.com/D_960911-MLU74125601646_012024-I.jpg,MLB-SWIM_CAPS,24,2024-10-08 21:19:05.291694,2024-10-08 21:19:05.291699
MLB3393329141,18229478,Copo Plástico Cruzeiro Ouro Cor Azul Único,MLB193988,http://http2.mlstatic.com/D_945402-MLU70742183201_072023-I.jpg,MLB-THERMAL_CUPS_AND_TUMBLERS,28,2024-10-08 21:19:05.402293,2024-10-08 21:19:05.402297
MLB3821011759,18229478,Garrafa Squeeze 750ml São Paulo Tricolor Academia Esporte Cor Transparente,MLB277958,http://http2.mlstatic.com/D_724152-MLU74859085634_032024-I.jpg,MLB-SPORT_AND_BAZAAR_BOTTLES,18,2024-10-08 21:19:05.512765,2024-10-08 21:19:05.512770
MLB4802577228,18229478,Mochila Escolar De Costas Sestini G Psg M01 Preto Tamanho Único,MLB7022,http://http2.mlstatic.com/D_769214-MLU74165216902_012024-I.jpg,MLB-HANDBAGS,67,2024-10-08 21:19:05.625853,2024-10-08 21:19:05.625857
MLB3866916588,18229478,Bola De Society Uhlsport Match R2 Cor Amarelo,MLB6852,http://http2.mlstatic.com/D_912890-MLU70810809563_082023-I.jpg,MLB-FOOTBALL_BALLS,3,2024-10-08 21:19:05.739532,2024-10-08 21:19:05.739536
MLB4802536744,18229478,Minibola Puma Conmebol Libertadores,MLB6852,http://http2.mlstatic.com/D_758846-MLU79123267799_092024-I.jpg,MLB-FOOTBALL_BALLS,8,2024-10-08 21:19:05.854022,2024-10-08 21:19:05.854027
MLB3403567265,18229478,Joelheira Umbro Articulada E Regulável Tamanho P,MLB180304,http://http2.mlstatic.com/D_945099-MLU75622604018_042024-I.jpg,MLB-TACTICAL_AND_SPORTS_KNEE_PADS,39,2024-10-08 21:19:05.962436,2024-10-08 21:19:05.962441
MLB3419349553,18229478,Joelheira Penalty Elástica Knit Preta Tamanho M,MLB180304,http://http2.mlstatic.com/D_871048-MLU71186475816_082023-I.jpg,MLB-TACTICAL_AND_SPORTS_KNEE_PADS,24,2024-10-08 21:19:06.064085,2024-10-08 21:19:06.064090
MLB3782548199,18229478,Mochila Fila Raqueteira Sport Preta Branco E Vermelha,MLB3127,http://http2.mlstatic.com/D_737738-MLU76537238256_052024-I.jpg,MLB-BACKPACKS,11,2024-10-08 21:19:06.171080,2024-10-08 21:19:06.171085
MLB3770847353,18229478,Óculos De Sol Mormaii Smash Vini Font Beach Tennis Ciclismo,MLB8378,http://http2.mlstatic.com/D_849016-MLU77142023984_062024-I.jpg,MLB-SUNGLASSES,3,2024-10-08 21:19:06.283779,2024-10-08 21:19:06.283784
MLB4435574378,18229478,Joelheira Umbro Suporte Patelar Neoprene Tamanho P,MLB264311,http://http2.mlstatic.com/D_917046-MLU77962053867_072024-I.jpg,MLB-ORTHOPEDIC_KNEE_BRACES,5,2024-10-08 21:19:06.397788,2024-10-08 21:19:06.397792
MLB3757232151,18229478,Óculos De Sol Hang Loose Retro Proteção Uv400 Haste Bambu Cor Preto Translucido,MLB8378,http://http2.mlstatic.com/D_814947-MLU75270282283_032024-I.jpg,MLB-SUNGLASSES,41,2024-10-08 21:19:06.502664,2024-10-08 21:19:06.502669
MLB3961220118,18229478,Joelheira Penalty Elástica Knit Preta Tamanho G,MLB180304,http://http2.mlstatic.com/D_859700-MLU71223399268_082023-I.jpg,MLB-TACTICAL_AND_SPORTS_KNEE_PADS,18,2024-10-08 21:19:06.617841,2024-10-08 21:19:06.617846
MLB4879840888,18229478,Óculos Sol Mormaii Madri M0095a1497 M0095 A14 Preto Espelho Cor Da Armação Preto Fosco Cor Da Haste Preto Fosco Cor Da Lente Azul/espelhado Desenho Solar,MLB8378,http://http2.mlstatic.com/D_859063-MLU77145444082_062024-I.jpg,MLB-SUNGLASSES,3,2024-10-08 21:19:06.728674,2024-10-08 21:19:06.728678
MLB4879855218,18229478,Culos Sol Mormaii Grand Tour 2 Azul Escuro M0144 Espelhado,MLB8378,http://http2.mlstatic.com/D_896737-MLU77144937720_062024-I.jpg,MLB-SUNGLASSES,8,2024-10-08 21:19:06.839706,2024-10-08 21:19:06.839711
MLB4595177282,18229478,Joelheira Kanxa Vôlei Preta Tamanho Gg,MLB270862,http://http2.mlstatic.com/D_669507-MLU78882995971_092024-I.jpg,MLB-TACTICAL_AND_SPORTS_KNEE_PADS,28,2024-10-08 21:19:06.957878,2024-10-08 21:19:06.957885
MLB4909242474,18229478,Mochila Masculina E Feminina Originals Preto adidas,MLB3127,http://http2.mlstatic.com/D_981364-MLU79081186213_092024-I.jpg,MLB-BACKPACKS,5,2024-10-08 21:19:07.069285,2024-10-08 21:19:07.069291
MLB3415516283,18229478,Touca Natação Speedo Xtrafit Parent-626220012 Touca Natação,MLB18366,http://http2.mlstatic.com/D_791921-MLU71094164102_082023-I.jpg,MLB-SWIM_CAPS,13,2024-10-08 21:19:07.185153,2024-10-08 21:19:07.185159
MLB4440874588,18229478,Óculos De Sol Hang Loose Summer Roxo Desenho,MLB8378,http://http2.mlstatic.com/D_969479-MLU77372352131_072024-I.jpg,MLB-SUNGLASSES,6,2024-10-08 21:19:07.296789,2024-10-08 21:19:07.296796
